hcp_id,first_name,last_name,specialty,institution,region,territory,monthly_rx_volume,loyalty_score,flight_risk,years_prescribing_onconova,total_active_patients,last_rep_call_days_ago,msl_engaged,formulary_status,segment,retention_program_enrolled,clinical_trial_interest,q3_2025_rx,q4_2025_rx_forecast
5001,Timothy,Lewis,General Oncologist,Community Oncology Clinic,Northeast,Boston,196,26.9,High,8,952,30,True,Step Therapy Required,Tier 1,False,True,182,230
5002,Frank,Clark,General Oncologist,Memorial Cancer Center,Northeast,New York North,45,32.5,High,2,117,31,True,Preferred,Tier 2,True,False,38,46
5003,Michael,Sanchez,Radiation Oncologist,Oncology Associates,Northeast,New York South,16,92.0,Low,1,53,70,True,Preferred,Tier 3,True,False,18,14
5004,Deborah,Baker,Thoracic Oncologist,Oncology Associates,Northeast,Connecticut,25,44.3,High,6,113,39,True,Non-Preferred,Tier 3,False,False,23,25
5005,Hannah,Scott,Radiation Oncologist,Memorial Cancer Center,Northeast,New Jersey,12,83.0,Low,3,56,45,False,Covered,Tier 3,False,False,10,11
5006,Daniel,Martin,Hematologist-Oncologist,Academic Medical Center,Southeast,Atlanta,12,72.8,Low,8,40,8,False,Step Therapy Required,Tier 3,True,False,11,10
5007,Rachel,Garcia,General Oncologist,Oncology Associates,Southeast,Charlotte,25,53.7,Medium,2,143,7,False,Step Therapy Required,Tier 3,True,True,22,27
5008,Lauren,Martin,Medical Oncologist,Oncology Associates,Southeast,Miami,168,81.9,Low,4,701,25,True,Step Therapy Required,Tier 1,True,False,173,148
5009,Deborah,Jackson,Radiation Oncologist,Academic Medical Center,Southeast,Tampa,5,72.1,Low,4,22,69,False,Covered,Tier 3,False,False,5,4
5010,Eric,Young,Thoracic Oncologist,Oncology Associates,Southeast,Nashville,13,86.8,Low,2,69,48,False,Step Therapy Required,Tier 3,True,False,14,14
5011,Laura,Nguyen,Radiation Oncologist,Cancer Care Network,Midwest,Chicago North,12,65.5,Low,1,40,20,True,Covered,Tier 3,True,False,12,10
5012,Kimberly,Mitchell,Radiation Oncologist,Academic Medical Center,Midwest,Chicago South,38,87.0,Low,6,129,22,False,Non-Preferred,Tier 2,True,False,38,33
5013,David,Nelson,Medical Oncologist,Memorial Cancer Center,Midwest,Detroit,8,60.6,Medium,1,34,53,True,Non-Preferred,Tier 3,True,False,7,7
5014,Cynthia,Green,General Oncologist,Academic Medical Center,Midwest,Cleveland,15,53.6,Medium,8,57,85,False,Preferred,Tier 3,True,False,15,12
5015,Anthony,Johnson,General Oncologist,Community Oncology Clinic,Midwest,Columbus,120,76.9,Low,5,525,23,True,Preferred,Tier 1,True,True,108,121
5016,Megan,Garcia,Thoracic Oncologist,Community Oncology Clinic,Midwest,Minneapolis,7,88.2,Low,6,24,59,True,Non-Preferred,Tier 3,False,False,7,5
5017,Steven,Harris,General Oncologist,Academic Medical Center,Southwest,Dallas,165,90.7,Low,1,466,8,True,Non-Preferred,Tier 1,True,False,182,174
5018,Robert,King,Medical Oncologist,Oncology Associates,Southwest,Houston,6,57.3,Medium,6,26,28,False,Covered,Tier 3,True,True,6,5
5019,Mark,Johnson,Hematologist-Oncologist,Integrated Health System,Southwest,Phoenix,76,52.4,Medium,1,237,19,False,Preferred,Tier 2,False,True,77,78
5020,Timothy,Perez,Radiation Oncologist,Regional Medical Center,Southwest,San Antonio,36,85.0,Low,7,175,89,True,Covered,Tier 2,True,True,35,40
5021,Cynthia,Hill,Radiation Oncologist,National Cancer Institute Affiliate,Southwest,Austin,10,66.7,Low,6,46,4,False,Step Therapy Required,Tier 3,False,True,9,11
5022,Laura,Nelson,Radiation Oncologist,University Hospital,West,Los Angeles,5,45.5,Medium,7,15,80,False,Non-Preferred,Tier 3,True,True,4,4
5023,Mark,White,Medical Oncologist,University Hospital,West,San Diego,19,40.5,High,3,96,1,False,Step Therapy Required,Tier 3,False,False,16,15
5024,Sharon,Allen,Radiation Oncologist,University Hospital,West,San Francisco Bay,106,36.5,High,7,431,4,True,Covered,Tier 1,True,False,109,98
5025,Kevin,Harris,Medical Oncologist,Comprehensive Cancer Center,West,Sacramento,16,70.9,Low,7,40,32,True,Step Therapy Required,Tier 3,True,True,14,14
5026,Hannah,Moore,Radiation Oncologist,Cancer Care Network,Mid-Atlantic,Philadelphia,89,36.4,High,3,242,62,True,Covered,Tier 1,False,True,94,88
5027,William,Martin,Medical Oncologist,Community Oncology Clinic,Mid-Atlantic,Baltimore,69,68.2,Low,4,283,43,False,Covered,Tier 2,False,False,67,77
5028,Larry,Rivera,Hematologist-Oncologist,Academic Medical Center,Mid-Atlantic,Washington DC,10,78.2,Low,3,35,41,True,Step Therapy Required,Tier 3,False,False,10,10
5029,Nicole,Sanchez,Thoracic Oncologist,University Hospital,Mid-Atlantic,Pittsburgh,29,54.8,Medium,4,105,73,True,Non-Preferred,Tier 3,True,False,28,31
5030,Scott,Jones,Radiation Oncologist,Academic Medical Center,Pacific Northwest,Seattle,26,59.5,Medium,8,137,18,False,Non-Preferred,Tier 3,False,False,23,25
5031,Larry,Young,General Oncologist,Community Oncology Clinic,Pacific Northwest,Portland,27,82.6,Low,7,74,69,False,Preferred,Tier 3,False,False,30,27
5032,Stephanie,Nelson,Thoracic Oncologist,Regional Medical Center,Pacific Northwest,Denver,102,40.8,High,2,294,83,True,Step Therapy Required,Tier 1,False,False,89,85
5033,Rebecca,Scott,General Oncologist,Integrated Health System,Mountain,Salt Lake City,167,25.1,High,4,715,29,False,Covered,Tier 1,False,False,180,172
5034,Sarah,Young,Medical Oncologist,Cancer Care Network,Mountain,Las Vegas,21,80.9,Low,3,77,54,True,Preferred,Tier 3,True,False,19,20
5035,Paul,Young,Medical Oncologist,Academic Medical Center,Mountain,Albuquerque,31,54.3,Medium,4,134,90,False,Covered,Tier 2,True,False,26,33
5036,Kathleen,Miller,Hematologist-Oncologist,Oncology Associates,Northeast,Boston,20,57.2,Medium,1,109,67,True,Non-Preferred,Tier 3,False,False,19,19
5037,Amanda,Green,Radiation Oncologist,Community Oncology Clinic,Northeast,New York North,14,86.7,Low,7,65,4,True,Step Therapy Required,Tier 3,False,False,11,12
5038,David,Torres,Medical Oncologist,Comprehensive Cancer Center,Northeast,New York South,33,52.8,Medium,5,169,24,False,Covered,Tier 2,True,False,29,35
5039,Jeffrey,Lee,General Oncologist,Community Oncology Clinic,Northeast,Connecticut,55,74.8,Low,8,239,79,False,Preferred,Tier 2,False,False,60,57
5040,Laura,Garcia,Hematologist-Oncologist,National Cancer Institute Affiliate,Northeast,New Jersey,50,81.9,Low,5,285,16,True,Covered,Tier 2,True,True,48,42
5041,William,Torres,Radiation Oncologist,Community Oncology Clinic,Southeast,Atlanta,11,55.7,Medium,7,43,24,False,Non-Preferred,Tier 3,True,False,10,9
5042,Paul,Smith,Radiation Oncologist,Regional Medical Center,Southeast,Charlotte,48,81.4,Low,8,224,25,False,Step Therapy Required,Tier 2,False,False,47,52
5043,Jennifer,Torres,Medical Oncologist,Oncology Associates,Southeast,Miami,24,70.6,Low,8,101,38,True,Covered,Tier 3,True,False,22,26
5044,Jessica,Torres,Medical Oncologist,Cancer Care Network,Southeast,Tampa,77,55.0,Medium,8,340,70,False,Preferred,Tier 2,False,False,70,74
5045,Michael,Robinson,Thoracic Oncologist,National Cancer Institute Affiliate,Southeast,Nashville,40,63.6,Medium,4,141,12,False,Preferred,Tier 2,True,True,43,41
5046,Cynthia,Green,Radiation Oncologist,Regional Medical Center,Midwest,Chicago North,20,92.2,Low,6,110,79,True,Non-Preferred,Tier 3,True,True,20,20
5047,Angela,Jackson,Thoracic Oncologist,Integrated Health System,Midwest,Chicago South,51,85.9,Low,3,185,35,True,Non-Preferred,Tier 2,False,True,58,58
5048,William,Thomas,Hematologist-Oncologist,National Cancer Institute Affiliate,Midwest,Detroit,79,68.5,Low,3,391,32,False,Step Therapy Required,Tier 2,True,False,82,83
5049,Jeffrey,Gomez,Medical Oncologist,Community Oncology Clinic,Midwest,Cleveland,45,61.2,Medium,7,183,66,False,Covered,Tier 2,False,False,42,36
5050,Amy,Green,Thoracic Oncologist,University Hospital,Midwest,Columbus,32,65.1,Low,2,161,69,False,Non-Preferred,Tier 2,False,True,31,29
5051,Jose,Rodriguez,General Oncologist,Academic Medical Center,Midwest,Minneapolis,26,81.1,Low,5,95,44,True,Preferred,Tier 3,True,False,28,25
5052,John,Robinson,Radiation Oncologist,Memorial Cancer Center,Southwest,Dallas,11,100.0,Low,2,63,55,True,Non-Preferred,Tier 3,False,True,12,12
5053,Matthew,Garcia,Thoracic Oncologist,Regional Medical Center,Southwest,Houston,9,41.3,High,2,43,7,False,Covered,Tier 3,True,False,9,9
5054,David,Rodriguez,General Oncologist,Oncology Associates,Southwest,Phoenix,69,85.4,Low,1,224,67,False,Preferred,Tier 2,True,False,65,58
5055,Jason,Jones,Hematologist-Oncologist,Community Oncology Clinic,Southwest,San Antonio,43,81.8,Low,7,211,12,True,Preferred,Tier 2,False,False,47,36
5056,Amy,Martinez,Medical Oncologist,Comprehensive Cancer Center,Southwest,Austin,24,48.3,Medium,3,113,73,True,Non-Preferred,Tier 3,False,False,25,25
5057,Cynthia,Baker,Radiation Oncologist,Oncology Associates,West,Los Angeles,26,53.1,Medium,3,148,12,True,Non-Preferred,Tier 3,True,False,27,24
5058,William,Thomas,Thoracic Oncologist,University Hospital,West,San Diego,59,64.8,Medium,7,212,32,False,Preferred,Tier 2,False,True,59,59
5059,Emily,Thomas,Radiation Oncologist,Community Oncology Clinic,West,San Francisco Bay,11,60.9,Medium,7,38,15,True,Step Therapy Required,Tier 3,True,False,12,8
5060,William,Harris,General Oncologist,Community Oncology Clinic,West,Sacramento,35,55.6,Medium,6,201,47,True,Step Therapy Required,Tier 2,True,True,35,28
5061,Emily,Sanchez,General Oncologist,Cancer Care Network,Mid-Atlantic,Philadelphia,11,73.4,Low,4,29,81,False,Step Therapy Required,Tier 3,False,True,11,11
5062,Elizabeth,Garcia,General Oncologist,Oncology Associates,Mid-Atlantic,Baltimore,30,56.8,Medium,3,104,20,False,Step Therapy Required,Tier 3,True,False,31,32
5063,Jennifer,Lewis,Medical Oncologist,Academic Medical Center,Mid-Atlantic,Washington DC,16,73.1,Low,4,43,79,True,Covered,Tier 3,True,True,13,13
5064,Paul,King,General Oncologist,Cancer Care Network,Mid-Atlantic,Pittsburgh,6,37.0,High,1,18,22,False,Non-Preferred,Tier 3,False,False,6,6
5065,Hannah,Moore,General Oncologist,University Hospital,Pacific Northwest,Seattle,12,63.3,Medium,1,44,34,True,Step Therapy Required,Tier 3,False,False,11,11
5066,Matthew,Gomez,Medical Oncologist,Integrated Health System,Pacific Northwest,Portland,32,100.0,Low,3,121,87,True,Non-Preferred,Tier 2,True,True,35,25
5067,Steven,Martinez,Hematologist-Oncologist,Memorial Cancer Center,Pacific Northwest,Denver,53,64.5,Medium,1,220,71,False,Non-Preferred,Tier 2,False,True,51,57
5068,Jose,White,Medical Oncologist,Comprehensive Cancer Center,Mountain,Salt Lake City,24,45.9,Medium,5,129,87,True,Non-Preferred,Tier 3,True,False,27,28
5069,Anthony,Gomez,Thoracic Oncologist,National Cancer Institute Affiliate,Mountain,Las Vegas,24,61.6,Medium,2,133,12,False,Preferred,Tier 3,False,True,22,26
5070,Laura,Hall,Hematologist-Oncologist,Comprehensive Cancer Center,Mountain,Albuquerque,32,49.8,Medium,4,131,32,True,Preferred,Tier 2,False,True,29,30
5071,James,Roberts,Radiation Oncologist,Cancer Care Network,Northeast,Boston,39,100.0,Low,1,227,14,True,Non-Preferred,Tier 2,False,False,44,46
5072,Jennifer,Williams,Hematologist-Oncologist,Comprehensive Cancer Center,Northeast,New York North,22,76.8,Low,3,109,53,False,Step Therapy Required,Tier 3,True,False,19,18
5073,Jose,Brown,Radiation Oncologist,Regional Medical Center,Northeast,New York South,45,59.2,Medium,7,124,31,False,Covered,Tier 2,False,False,47,49
5074,Daniel,Jones,Hematologist-Oncologist,Regional Medical Center,Northeast,Connecticut,30,68.3,Low,6,122,75,True,Non-Preferred,Tier 3,True,True,29,27
5075,Deborah,Wilson,Radiation Oncologist,Cancer Care Network,Northeast,New Jersey,26,51.0,Medium,2,113,60,False,Preferred,Tier 3,True,True,28,23
5076,Mark,Martinez,Medical Oncologist,Oncology Associates,Southeast,Atlanta,25,79.0,Low,1,81,46,False,Preferred,Tier 3,False,False,27,21
5077,Sharon,Carter,General Oncologist,Oncology Associates,Southeast,Charlotte,90,89.1,Low,7,494,13,False,Preferred,Tier 1,True,True,76,101
5078,Megan,White,Medical Oncologist,Integrated Health System,Southeast,Miami,170,51.1,Medium,4,502,76,False,Preferred,Tier 1,True,True,154,179
5079,Lauren,Davis,Medical Oncologist,Academic Medical Center,Southeast,Tampa,53,72.0,Low,3,149,7,True,Step Therapy Required,Tier 2,False,False,45,56
5080,Amanda,Moore,Thoracic Oncologist,Academic Medical Center,Southeast,Nashville,176,50.2,Medium,3,658,20,True,Non-Preferred,Tier 1,False,False,171,179
5081,Steven,Rodriguez,Radiation Oncologist,Oncology Associates,Midwest,Chicago North,11,54.8,Medium,1,30,83,True,Preferred,Tier 3,False,False,10,11
5082,Jose,Allen,Thoracic Oncologist,Community Oncology Clinic,Midwest,Chicago South,5,56.4,Medium,8,18,35,True,Preferred,Tier 3,False,False,4,5
5083,Jason,King,Thoracic Oncologist,Integrated Health System,Midwest,Detroit,12,71.3,Low,5,32,30,True,Preferred,Tier 3,True,False,11,12
5084,Daniel,Torres,Radiation Oncologist,National Cancer Institute Affiliate,Midwest,Cleveland,33,100.0,Low,1,170,23,True,Non-Preferred,Tier 2,False,False,34,38
5085,Paul,Torres,General Oncologist,Regional Medical Center,Midwest,Columbus,57,55.3,Medium,1,282,73,True,Step Therapy Required,Tier 2,False,True,56,47
5086,Sarah,King,Radiation Oncologist,Memorial Cancer Center,Midwest,Minneapolis,10,78.8,Low,4,46,43,True,Non-Preferred,Tier 3,False,False,9,11
5087,Ashley,Nguyen,Hematologist-Oncologist,University Hospital,Southwest,Dallas,7,100.0,Low,6,18,68,False,Preferred,Tier 3,False,False,7,6
5088,Mark,Rodriguez,Hematologist-Oncologist,Community Oncology Clinic,Southwest,Houston,70,57.7,Medium,2,257,82,False,Covered,Tier 2,True,False,79,75
5089,Laura,Lopez,Radiation Oncologist,Cancer Care Network,Southwest,Phoenix,5,97.8,Low,6,16,89,False,Non-Preferred,Tier 3,True,False,4,5
5090,Deborah,Torres,Medical Oncologist,Regional Medical Center,Southwest,San Antonio,22,95.2,Low,7,120,78,False,Non-Preferred,Tier 3,True,False,19,24
5091,Mark,Hernandez,Medical Oncologist,National Cancer Institute Affiliate,Southwest,Austin,5,54.8,Medium,4,18,58,True,Covered,Tier 3,True,True,5,4
5092,Emily,Harris,Radiation Oncologist,Community Oncology Clinic,West,Los Angeles,24,69.0,Low,2,120,22,False,Step Therapy Required,Tier 3,False,False,24,20
5093,Jose,Adams,Hematologist-Oncologist,Regional Medical Center,West,San Diego,16,81.7,Low,8,84,58,True,Preferred,Tier 3,False,True,15,18
5094,Steven,Hernandez,Medical Oncologist,Comprehensive Cancer Center,West,San Francisco Bay,9,64.9,Medium,2,33,12,False,Step Therapy Required,Tier 3,True,False,10,7
5095,Robert,Perez,Hematologist-Oncologist,Oncology Associates,West,Sacramento,27,79.3,Low,7,82,53,False,Covered,Tier 3,False,True,23,25
5096,Rachel,Smith,Radiation Oncologist,University Hospital,Mid-Atlantic,Philadelphia,46,43.3,High,8,139,38,False,Non-Preferred,Tier 2,True,True,41,48
5097,Jessica,Martin,Radiation Oncologist,Academic Medical Center,Mid-Atlantic,Baltimore,6,96.1,Low,2,24,63,False,Preferred,Tier 3,False,True,5,5
5098,Matthew,Robinson,Radiation Oncologist,Cancer Care Network,Mid-Atlantic,Washington DC,33,51.5,Medium,3,133,29,False,Preferred,Tier 2,True,False,34,27
5099,Kevin,Roberts,General Oncologist,Oncology Associates,Mid-Atlantic,Pittsburgh,99,70.5,Low,6,527,71,True,Step Therapy Required,Tier 1,False,False,104,116
5100,Jennifer,Sanchez,Medical Oncologist,Comprehensive Cancer Center,Pacific Northwest,Seattle,70,69.5,Low,4,291,74,True,Preferred,Tier 2,False,True,79,60
5101,William,Williams,Radiation Oncologist,University Hospital,Pacific Northwest,Portland,156,100.0,Low,4,831,88,False,Non-Preferred,Tier 1,True,False,144,181
5102,Sharon,Sanchez,General Oncologist,National Cancer Institute Affiliate,Pacific Northwest,Denver,19,89.4,Low,2,53,36,False,Preferred,Tier 3,False,True,18,16
5103,Jose,Gomez,Medical Oncologist,Cancer Care Network,Mountain,Salt Lake City,43,98.1,Low,2,246,69,False,Step Therapy Required,Tier 2,False,False,44,44
5104,Nicole,Sanchez,Hematologist-Oncologist,Integrated Health System,Mountain,Las Vegas,10,83.1,Low,8,26,78,False,Preferred,Tier 3,False,False,10,8
5105,Rachel,Johnson,Thoracic Oncologist,Cancer Care Network,Mountain,Albuquerque,63,29.3,High,8,360,40,False,Step Therapy Required,Tier 2,True,True,56,74
5106,Mark,Moore,Radiation Oncologist,Integrated Health System,Northeast,Boston,8,23.1,High,8,41,83,True,Non-Preferred,Tier 3,False,True,8,7
5107,Rachel,Brown,General Oncologist,Regional Medical Center,Northeast,New York North,19,83.8,Low,8,98,9,False,Step Therapy Required,Tier 3,True,False,21,15
5108,Christopher,Brown,Hematologist-Oncologist,Memorial Cancer Center,Northeast,New York South,94,69.6,Low,4,522,59,True,Covered,Tier 1,True,False,90,92
5109,Jessica,Baker,Medical Oncologist,Oncology Associates,Northeast,Connecticut,106,37.6,High,7,500,48,False,Step Therapy Required,Tier 1,True,False,108,99
5110,Matthew,Carter,Medical Oncologist,Cancer Care Network,Northeast,New Jersey,5,66.8,Low,3,27,4,False,Preferred,Tier 3,True,False,5,4
5111,Amy,Wilson,Thoracic Oncologist,Community Oncology Clinic,Southeast,Atlanta,34,67.3,Low,4,162,66,True,Preferred,Tier 2,False,True,35,35
5112,Larry,Martin,Thoracic Oncologist,Community Oncology Clinic,Southeast,Charlotte,5,66.0,Low,1,16,49,False,Step Therapy Required,Tier 3,False,True,4,5
5113,James,Allen,Thoracic Oncologist,Comprehensive Cancer Center,Southeast,Miami,7,82.7,Low,7,31,83,False,Covered,Tier 3,True,False,6,8
5114,Matthew,Adams,Thoracic Oncologist,Oncology Associates,Southeast,Tampa,34,47.3,Medium,6,187,20,True,Preferred,Tier 2,False,False,32,29
5115,Anthony,Taylor,Radiation Oncologist,Community Oncology Clinic,Southeast,Nashville,15,44.7,High,1,71,50,True,Non-Preferred,Tier 3,False,False,15,16
5116,Frank,Thompson,General Oncologist,Cancer Care Network,Midwest,Chicago North,23,89.0,Low,8,130,22,True,Covered,Tier 3,True,False,20,20
5117,Lauren,Adams,Medical Oncologist,Oncology Associates,Midwest,Chicago South,10,79.1,Low,3,58,46,True,Covered,Tier 3,False,False,9,10
5118,Jason,Brown,General Oncologist,Integrated Health System,Midwest,Detroit,15,50.6,Medium,8,82,80,True,Step Therapy Required,Tier 3,True,False,13,16
5119,Ashley,Rodriguez,Hematologist-Oncologist,National Cancer Institute Affiliate,Midwest,Cleveland,22,45.2,Medium,5,86,53,False,Non-Preferred,Tier 3,False,False,19,18
5120,Amanda,Lee,Medical Oncologist,Memorial Cancer Center,Midwest,Columbus,14,41.6,High,6,65,58,False,Non-Preferred,Tier 3,True,False,15,13
5121,Hannah,Green,Radiation Oncologist,Community Oncology Clinic,Midwest,Minneapolis,143,68.8,Low,2,422,55,False,Step Therapy Required,Tier 1,True,True,144,156
5122,Stephen,King,Hematologist-Oncologist,Memorial Cancer Center,Southwest,Dallas,13,72.7,Low,1,73,87,True,Non-Preferred,Tier 3,True,False,14,12
5123,Laura,Martin,Hematologist-Oncologist,University Hospital,Southwest,Houston,22,63.1,Medium,2,84,6,False,Covered,Tier 3,False,False,22,22
5124,William,Perez,Radiation Oncologist,National Cancer Institute Affiliate,Southwest,Phoenix,42,84.7,Low,7,235,25,True,Step Therapy Required,Tier 2,True,True,38,50
5125,Laura,Allen,Hematologist-Oncologist,University Hospital,Southwest,San Antonio,15,55.3,Medium,4,76,47,True,Step Therapy Required,Tier 3,False,False,15,15
5126,Kathleen,Johnson,Medical Oncologist,University Hospital,Southwest,Austin,19,17.4,High,1,91,54,False,Step Therapy Required,Tier 3,True,False,17,20
5127,Jeffrey,Smith,Thoracic Oncologist,Community Oncology Clinic,West,Los Angeles,6,98.1,Low,4,29,85,True,Covered,Tier 3,True,False,6,5
5128,Robert,Hall,Hematologist-Oncologist,Integrated Health System,West,San Diego,107,62.5,Medium,2,373,26,False,Non-Preferred,Tier 1,False,False,104,92
5129,Scott,Young,Thoracic Oncologist,Oncology Associates,West,San Francisco Bay,41,74.8,Low,8,233,1,True,Preferred,Tier 2,True,False,43,35
5130,David,Mitchell,Medical Oncologist,Cancer Care Network,West,Sacramento,280,92.6,Low,2,1463,83,True,Step Therapy Required,Tier 1,False,False,276,235
5131,Anthony,White,Thoracic Oncologist,Community Oncology Clinic,Mid-Atlantic,Philadelphia,21,47.0,Medium,3,116,15,True,Preferred,Tier 3,True,True,22,18
5132,Cynthia,Moore,Medical Oncologist,National Cancer Institute Affiliate,Mid-Atlantic,Baltimore,5,72.5,Low,6,28,44,True,Preferred,Tier 3,False,False,5,4
5133,Jason,Clark,Hematologist-Oncologist,University Hospital,Mid-Atlantic,Washington DC,12,36.7,High,7,58,17,True,Non-Preferred,Tier 3,True,False,13,11
5134,Steven,Gomez,Thoracic Oncologist,Integrated Health System,Mid-Atlantic,Pittsburgh,13,44.2,High,8,40,4,True,Step Therapy Required,Tier 3,False,True,14,12
5135,Mark,Smith,General Oncologist,Integrated Health System,Pacific Northwest,Seattle,111,87.4,Low,2,379,73,True,Covered,Tier 1,True,False,116,99
5136,Kathleen,Harris,Hematologist-Oncologist,Comprehensive Cancer Center,Pacific Northwest,Portland,24,100.0,Low,6,115,79,True,Preferred,Tier 3,True,False,26,27
5137,Kimberly,Lee,Hematologist-Oncologist,National Cancer Institute Affiliate,Pacific Northwest,Denver,26,49.1,Medium,3,71,36,True,Non-Preferred,Tier 3,False,False,28,21
5138,Brian,Garcia,Radiation Oncologist,Academic Medical Center,Mountain,Salt Lake City,96,79.9,Low,8,509,41,True,Step Therapy Required,Tier 1,True,True,93,78
5139,Larry,Flores,Thoracic Oncologist,Comprehensive Cancer Center,Mountain,Las Vegas,9,63.8,Medium,1,48,72,True,Step Therapy Required,Tier 3,False,False,9,10
5140,Deborah,Flores,General Oncologist,Academic Medical Center,Mountain,Albuquerque,11,37.6,High,8,40,85,False,Step Therapy Required,Tier 3,True,True,11,9
5141,Jeffrey,Jackson,General Oncologist,Comprehensive Cancer Center,Northeast,Boston,56,100.0,Low,6,209,48,True,Preferred,Tier 2,True,False,49,60
5142,Cynthia,Gonzalez,Hematologist-Oncologist,University Hospital,Northeast,New York North,6,80.4,Low,7,17,51,True,Step Therapy Required,Tier 3,True,False,5,6
5143,Amy,Nguyen,Medical Oncologist,Academic Medical Center,Northeast,New York South,13,57.3,Medium,1,74,59,True,Step Therapy Required,Tier 3,True,False,13,13
5144,Jason,Allen,Hematologist-Oncologist,Integrated Health System,Northeast,Connecticut,14,49.0,Medium,7,76,23,True,Preferred,Tier 3,False,False,14,16
5145,Larry,Rivera,Hematologist-Oncologist,Cancer Care Network,Northeast,New Jersey,25,49.7,Medium,7,99,51,False,Covered,Tier 3,False,True,22,26
5146,Sharon,Lee,General Oncologist,Oncology Associates,Southeast,Atlanta,31,66.9,Low,5,168,26,True,Covered,Tier 2,False,False,27,33
5147,Scott,Green,Thoracic Oncologist,University Hospital,Southeast,Charlotte,19,48.0,Medium,3,81,46,False,Step Therapy Required,Tier 3,False,False,20,19
5148,Emily,Nelson,Medical Oncologist,Oncology Associates,Southeast,Miami,14,84.6,Low,1,53,35,True,Covered,Tier 3,False,True,15,15
5149,Timothy,Williams,Thoracic Oncologist,Academic Medical Center,Southeast,Tampa,38,46.5,Medium,5,122,14,True,Step Therapy Required,Tier 2,True,False,41,42
5150,Emily,Harris,Radiation Oncologist,Community Oncology Clinic,Southeast,Nashville,26,84.5,Low,5,128,88,False,Preferred,Tier 3,True,False,24,27
5151,Jeffrey,Campbell,Thoracic Oncologist,Integrated Health System,Midwest,Chicago North,5,80.0,Low,8,27,70,True,Non-Preferred,Tier 3,False,False,4,5
5152,Helen,Allen,Medical Oncologist,Community Oncology Clinic,Midwest,Chicago South,13,80.6,Low,3,76,6,False,Covered,Tier 3,False,True,11,14
5153,Angela,Martinez,Medical Oncologist,Regional Medical Center,Midwest,Detroit,12,28.3,High,1,43,42,True,Covered,Tier 3,False,False,12,9
5154,Amanda,King,Medical Oncologist,Comprehensive Cancer Center,Midwest,Cleveland,5,69.1,Low,6,21,21,False,Step Therapy Required,Tier 3,True,False,4,4
5155,Anthony,Wilson,General Oncologist,Comprehensive Cancer Center,Midwest,Columbus,30,48.1,Medium,6,109,61,True,Preferred,Tier 3,False,False,27,31
5156,Amy,Lee,Radiation Oncologist,University Hospital,Midwest,Minneapolis,43,31.4,High,4,251,50,False,Covered,Tier 2,True,False,47,40
5157,Anthony,Adams,Hematologist-Oncologist,National Cancer Institute Affiliate,Southwest,Dallas,23,41.4,High,8,96,66,True,Preferred,Tier 3,True,False,23,24
5158,Deborah,Wilson,Radiation Oncologist,University Hospital,Southwest,Houston,13,69.0,Low,4,63,27,False,Preferred,Tier 3,True,True,12,12
5159,Amanda,Taylor,General Oncologist,University Hospital,Southwest,Phoenix,11,59.5,Medium,2,30,74,True,Covered,Tier 3,False,False,10,10
5160,Amy,Davis,General Oncologist,Memorial Cancer Center,Southwest,San Antonio,60,55.3,Medium,6,153,83,True,Preferred,Tier 2,True,False,67,50
5161,Anthony,Roberts,Radiation Oncologist,Community Oncology Clinic,Southwest,Austin,52,43.1,High,5,240,51,True,Step Therapy Required,Tier 2,True,False,47,57
5162,Ashley,Martin,Thoracic Oncologist,Memorial Cancer Center,West,Los Angeles,39,99.7,Low,5,228,71,True,Preferred,Tier 2,True,True,39,37
5163,Helen,Carter,Thoracic Oncologist,Oncology Associates,West,San Diego,5,50.5,Medium,2,17,53,True,Non-Preferred,Tier 3,True,True,5,4
5164,Jose,Brown,General Oncologist,Academic Medical Center,West,San Francisco Bay,41,63.5,Medium,2,128,83,True,Covered,Tier 2,True,False,36,44
5165,Paul,Rodriguez,Hematologist-Oncologist,University Hospital,West,Sacramento,34,54.7,Medium,8,198,37,True,Non-Preferred,Tier 2,False,False,33,35
5166,Ashley,Torres,General Oncologist,National Cancer Institute Affiliate,Mid-Atlantic,Philadelphia,26,64.6,Medium,5,128,41,False,Non-Preferred,Tier 3,True,False,24,23
5167,Rachel,Rodriguez,Thoracic Oncologist,Academic Medical Center,Mid-Atlantic,Baltimore,70,73.6,Low,7,242,60,False,Covered,Tier 2,False,False,71,60
5168,William,Wright,Hematologist-Oncologist,Cancer Care Network,Mid-Atlantic,Washington DC,33,58.9,Medium,2,179,81,True,Preferred,Tier 2,True,False,34,37
5169,Melissa,Williams,General Oncologist,Cancer Care Network,Mid-Atlantic,Pittsburgh,15,58.5,Medium,7,77,70,False,Non-Preferred,Tier 3,False,False,13,16
5170,Gary,Allen,Medical Oncologist,Community Oncology Clinic,Pacific Northwest,Seattle,34,58.7,Medium,5,100,47,True,Non-Preferred,Tier 2,True,False,30,29
5171,Jason,Thompson,Medical Oncologist,Oncology Associates,Pacific Northwest,Portland,31,100.0,Low,3,157,63,True,Preferred,Tier 2,False,False,28,33
5172,Amy,Williams,Medical Oncologist,National Cancer Institute Affiliate,Pacific Northwest,Denver,53,60.8,Medium,6,204,14,False,Covered,Tier 2,True,False,55,50
5173,Steven,Anderson,General Oncologist,Community Oncology Clinic,Mountain,Salt Lake City,72,59.0,Medium,2,310,46,False,Step Therapy Required,Tier 2,False,False,61,83
5174,David,Allen,Thoracic Oncologist,Oncology Associates,Mountain,Las Vegas,5,45.8,Medium,8,15,20,True,Non-Preferred,Tier 3,False,False,5,4
5175,Lauren,Mitchell,Medical Oncologist,Academic Medical Center,Mountain,Albuquerque,5,60.3,Medium,4,19,87,False,Step Therapy Required,Tier 3,True,False,4,5
5176,William,Torres,General Oncologist,Regional Medical Center,Northeast,Boston,24,100.0,Low,1,80,18,True,Non-Preferred,Tier 3,True,True,22,20
5177,Jose,Green,Medical Oncologist,Cancer Care Network,Northeast,New York North,32,63.2,Medium,7,147,11,True,Step Therapy Required,Tier 2,False,False,28,36
5178,Deborah,Lopez,General Oncologist,Comprehensive Cancer Center,Northeast,New York South,51,19.4,High,3,269,34,True,Covered,Tier 2,False,False,52,45
5179,Sarah,Gonzalez,General Oncologist,Comprehensive Cancer Center,Northeast,Connecticut,30,85.0,Low,7,88,88,False,Non-Preferred,Tier 3,True,True,29,31
5180,Timothy,Allen,Medical Oncologist,University Hospital,Northeast,New Jersey,6,93.2,Low,1,33,62,True,Preferred,Tier 3,False,False,5,6
5181,Jason,Gomez,Radiation Oncologist,National Cancer Institute Affiliate,Southeast,Atlanta,33,58.9,Medium,7,109,76,True,Step Therapy Required,Tier 2,True,False,32,29
5182,Timothy,Clark,Thoracic Oncologist,Oncology Associates,Southeast,Charlotte,43,100.0,Low,2,150,1,True,Preferred,Tier 2,True,False,44,46
5183,Robert,Martinez,Radiation Oncologist,Integrated Health System,Southeast,Miami,28,73.5,Low,6,110,33,False,Step Therapy Required,Tier 3,False,False,26,30
5184,Sharon,Young,Hematologist-Oncologist,National Cancer Institute Affiliate,Southeast,Tampa,16,49.3,Medium,4,63,72,False,Covered,Tier 3,False,False,15,17
5185,Frank,Davis,Hematologist-Oncologist,Academic Medical Center,Southeast,Nashville,51,49.2,Medium,3,280,90,True,Preferred,Tier 2,True,False,49,47
5186,Jeffrey,Smith,Medical Oncologist,Regional Medical Center,Midwest,Chicago North,26,57.5,Medium,1,79,61,False,Preferred,Tier 3,True,False,23,21
5187,Megan,Flores,General Oncologist,Cancer Care Network,Midwest,Chicago South,37,75.3,Low,1,186,77,True,Non-Preferred,Tier 2,False,False,31,42
5188,Larry,Allen,General Oncologist,Oncology Associates,Midwest,Detroit,62,56.8,Medium,5,197,79,True,Preferred,Tier 2,False,True,64,73
5189,Deborah,Sanchez,Thoracic Oncologist,Community Oncology Clinic,Midwest,Cleveland,19,46.5,Medium,2,113,52,True,Preferred,Tier 3,True,True,19,20
5190,Nicole,Anderson,General Oncologist,Oncology Associates,Midwest,Columbus,16,76.3,Low,6,59,59,False,Preferred,Tier 3,False,True,15,13
5191,Lauren,Davis,General Oncologist,Cancer Care Network,Midwest,Minneapolis,48,47.7,Medium,2,204,69,False,Step Therapy Required,Tier 2,False,False,47,43
5192,Amy,Baker,Radiation Oncologist,Integrated Health System,Southwest,Dallas,53,97.8,Low,6,310,4,False,Preferred,Tier 2,False,True,51,59
5193,Daniel,Lee,Radiation Oncologist,National Cancer Institute Affiliate,Southwest,Houston,35,100.0,Low,4,170,67,True,Covered,Tier 2,True,False,30,37
5194,Amanda,Young,Thoracic Oncologist,National Cancer Institute Affiliate,Southwest,Phoenix,12,40.6,High,6,33,28,False,Non-Preferred,Tier 3,True,False,12,10
5195,Melissa,Anderson,Hematologist-Oncologist,Oncology Associates,Southwest,San Antonio,5,100.0,Low,4,27,80,False,Non-Preferred,Tier 3,True,True,5,5
5196,Stephen,Wright,Medical Oncologist,Academic Medical Center,Southwest,Austin,44,66.8,Low,8,204,48,False,Step Therapy Required,Tier 2,False,False,39,48
5197,Stephen,Torres,Hematologist-Oncologist,Memorial Cancer Center,West,Los Angeles,31,43.2,High,5,120,68,False,Step Therapy Required,Tier 2,True,False,29,35
5198,Jessica,Rivera,General Oncologist,Academic Medical Center,West,San Diego,221,70.8,Low,3,906,41,True,Preferred,Tier 1,True,False,226,205
5199,Matthew,Thomas,Thoracic Oncologist,Academic Medical Center,West,San Francisco Bay,27,84.0,Low,5,85,79,False,Covered,Tier 3,True,False,26,26
5200,Megan,Moore,Radiation Oncologist,Regional Medical Center,West,Sacramento,37,72.9,Low,6,139,74,True,Non-Preferred,Tier 2,True,False,34,33
5201,Christopher,Martinez,Hematologist-Oncologist,Academic Medical Center,Mid-Atlantic,Philadelphia,12,78.4,Low,7,65,2,True,Step Therapy Required,Tier 3,False,True,13,13
5202,Elizabeth,Taylor,General Oncologist,Integrated Health System,Mid-Atlantic,Baltimore,133,97.6,Low,6,698,7,False,Preferred,Tier 1,True,True,121,119
5203,Lauren,Taylor,Thoracic Oncologist,National Cancer Institute Affiliate,Mid-Atlantic,Washington DC,102,56.8,Medium,2,415,72,False,Covered,Tier 1,True,False,90,116
5204,Kathleen,Adams,General Oncologist,Regional Medical Center,Mid-Atlantic,Pittsburgh,10,65.2,Low,4,45,37,False,Covered,Tier 3,False,False,9,8
5205,Ashley,Hernandez,Thoracic Oncologist,Community Oncology Clinic,Pacific Northwest,Seattle,25,92.1,Low,5,103,81,False,Preferred,Tier 3,True,True,23,23
5206,Larry,Adams,Radiation Oncologist,Cancer Care Network,Pacific Northwest,Portland,5,100.0,Low,5,24,57,False,Step Therapy Required,Tier 3,False,True,4,4
5207,Helen,Rivera,Medical Oncologist,Oncology Associates,Pacific Northwest,Denver,21,58.6,Medium,4,101,22,False,Preferred,Tier 3,True,True,23,20
5208,Megan,King,Medical Oncologist,University Hospital,Mountain,Salt Lake City,9,31.6,High,1,23,34,True,Preferred,Tier 3,False,False,8,9
5209,William,King,Hematologist-Oncologist,Memorial Cancer Center,Mountain,Las Vegas,51,69.6,Low,8,239,5,False,Covered,Tier 2,False,False,58,51
5210,William,Rivera,General Oncologist,Regional Medical Center,Mountain,Albuquerque,7,39.5,High,5,30,76,False,Step Therapy Required,Tier 3,False,False,6,6
5211,Rachel,Clark,Thoracic Oncologist,Regional Medical Center,Northeast,Boston,18,100.0,Low,2,72,39,True,Preferred,Tier 3,True,False,16,18
5212,Jason,Martin,Medical Oncologist,Community Oncology Clinic,Northeast,New York North,19,34.9,High,8,110,38,True,Preferred,Tier 3,False,True,18,19
5213,Angela,Carter,Radiation Oncologist,Community Oncology Clinic,Northeast,New York South,19,62.0,Medium,7,64,29,False,Preferred,Tier 3,False,False,17,21
5214,Helen,Wright,Thoracic Oncologist,Community Oncology Clinic,Northeast,Connecticut,5,66.8,Low,5,17,25,True,Non-Preferred,Tier 3,True,False,4,4
5215,Cynthia,Hall,Hematologist-Oncologist,National Cancer Institute Affiliate,Northeast,New Jersey,19,83.3,Low,8,65,3,True,Preferred,Tier 3,True,True,21,17
5216,Eric,Smith,Hematologist-Oncologist,University Hospital,Southeast,Atlanta,129,92.8,Low,3,645,20,True,Step Therapy Required,Tier 1,True,False,125,143
5217,Amy,Rivera,Medical Oncologist,National Cancer Institute Affiliate,Southeast,Charlotte,19,43.7,High,8,113,11,True,Preferred,Tier 3,False,False,16,18
5218,Matthew,Harris,Medical Oncologist,University Hospital,Southeast,Miami,248,69.3,Low,4,1397,32,False,Step Therapy Required,Tier 1,True,False,284,218
5219,Melissa,Young,Radiation Oncologist,Cancer Care Network,Southeast,Tampa,24,67.5,Low,2,103,42,True,Preferred,Tier 3,True,False,23,22
5220,Frank,Wilson,Medical Oncologist,Oncology Associates,Southeast,Nashville,29,64.8,Medium,6,162,82,False,Covered,Tier 3,True,True,31,29
5221,James,Williams,General Oncologist,Academic Medical Center,Midwest,Chicago North,14,56.0,Medium,7,73,89,True,Covered,Tier 3,True,True,12,11
5222,Stephen,Green,Medical Oncologist,Memorial Cancer Center,Midwest,Chicago South,23,56.0,Medium,6,132,46,True,Preferred,Tier 3,True,False,21,27
5223,Brian,Mitchell,Hematologist-Oncologist,Memorial Cancer Center,Midwest,Detroit,12,70.3,Low,6,63,89,False,Covered,Tier 3,True,False,13,11
5224,Timothy,Rivera,Radiation Oncologist,Oncology Associates,Midwest,Cleveland,19,100.0,Low,8,84,73,True,Covered,Tier 3,False,False,18,21
5225,Ashley,Robinson,Thoracic Oncologist,Cancer Care Network,Midwest,Columbus,5,92.0,Low,3,13,70,False,Step Therapy Required,Tier 3,True,False,5,5
5226,Rachel,Gomez,General Oncologist,Oncology Associates,Midwest,Minneapolis,75,22.4,High,1,350,42,True,Step Therapy Required,Tier 2,True,False,79,82
5227,Mark,Clark,Thoracic Oncologist,University Hospital,Southwest,Dallas,18,59.8,Medium,3,83,13,True,Preferred,Tier 3,True,True,20,15
5228,Michael,Torres,Radiation Oncologist,Academic Medical Center,Southwest,Houston,6,50.9,Medium,8,19,68,False,Preferred,Tier 3,False,True,6,4
5229,Jennifer,Walker,Medical Oncologist,National Cancer Institute Affiliate,Southwest,Phoenix,9,100.0,Low,4,43,72,False,Covered,Tier 3,True,False,8,7
5230,David,Wilson,General Oncologist,University Hospital,Southwest,San Antonio,56,96.0,Low,2,303,13,True,Step Therapy Required,Tier 2,True,True,56,50
5231,Sharon,Clark,Medical Oncologist,Integrated Health System,Southwest,Austin,46,43.2,High,3,204,46,False,Step Therapy Required,Tier 2,True,True,50,46
5232,Timothy,Hill,Radiation Oncologist,National Cancer Institute Affiliate,West,Los Angeles,15,78.8,Low,6,72,41,False,Covered,Tier 3,False,False,14,16
5233,Melissa,Harris,General Oncologist,Cancer Care Network,West,San Diego,8,83.7,Low,4,35,47,False,Step Therapy Required,Tier 3,False,True,8,9
5234,Elizabeth,Smith,Thoracic Oncologist,Oncology Associates,West,San Francisco Bay,19,59.8,Medium,1,81,28,False,Preferred,Tier 3,False,False,19,19
5235,Amy,Thompson,Hematologist-Oncologist,Regional Medical Center,West,Sacramento,46,77.8,Low,3,130,34,False,Non-Preferred,Tier 2,True,False,50,38
5236,Melissa,Mitchell,Medical Oncologist,National Cancer Institute Affiliate,Mid-Atlantic,Philadelphia,17,93.5,Low,7,76,62,True,Step Therapy Required,Tier 3,True,False,17,13
5237,Emily,Gomez,Thoracic Oncologist,National Cancer Institute Affiliate,Mid-Atlantic,Baltimore,9,81.6,Low,7,24,56,False,Preferred,Tier 3,True,False,9,9
5238,Jeffrey,Harris,Medical Oncologist,Cancer Care Network,Mid-Atlantic,Washington DC,41,61.2,Medium,1,193,68,True,Covered,Tier 2,True,False,41,36
5239,Megan,Robinson,General Oncologist,Integrated Health System,Mid-Atlantic,Pittsburgh,32,40.5,High,1,155,65,True,Non-Preferred,Tier 2,False,False,34,27
5240,Jose,Carter,Medical Oncologist,Comprehensive Cancer Center,Pacific Northwest,Seattle,56,63.9,Medium,6,156,52,False,Preferred,Tier 2,False,False,54,60
5241,Christopher,Hall,Radiation Oncologist,Integrated Health System,Pacific Northwest,Portland,15,91.1,Low,3,62,26,True,Non-Preferred,Tier 3,True,False,16,13
5242,Kevin,Lewis,Thoracic Oncologist,National Cancer Institute Affiliate,Pacific Northwest,Denver,13,37.0,High,2,37,25,False,Covered,Tier 3,True,False,11,12
5243,Brian,Williams,Hematologist-Oncologist,Oncology Associates,Mountain,Salt Lake City,6,81.3,Low,8,28,88,False,Non-Preferred,Tier 3,True,True,6,5
5244,Anthony,Smith,Thoracic Oncologist,University Hospital,Mountain,Las Vegas,7,100.0,Low,3,38,40,False,Step Therapy Required,Tier 3,True,False,6,7
5245,Stephen,Taylor,General Oncologist,Academic Medical Center,Mountain,Albuquerque,5,100.0,Low,4,22,80,True,Preferred,Tier 3,False,False,5,5
5246,Anthony,Gonzalez,General Oncologist,Cancer Care Network,Northeast,Boston,29,65.9,Low,5,89,7,False,Preferred,Tier 3,True,False,30,30
5247,Sarah,Jackson,Radiation Oncologist,Oncology Associates,Northeast,New York North,15,76.8,Low,6,82,49,True,Covered,Tier 3,False,False,15,13
5248,Angela,Johnson,Medical Oncologist,Oncology Associates,Northeast,New York South,23,92.3,Low,8,102,68,False,Covered,Tier 3,False,False,24,18
5249,Elizabeth,Thomas,General Oncologist,Cancer Care Network,Northeast,Connecticut,27,71.3,Low,6,101,8,False,Step Therapy Required,Tier 3,True,False,30,24
5250,Frank,Rodriguez,Medical Oncologist,Community Oncology Clinic,Northeast,New Jersey,17,66.7,Low,6,95,67,True,Step Therapy Required,Tier 3,True,False,15,20
5251,William,Wilson,Hematologist-Oncologist,Integrated Health System,Southeast,Atlanta,32,30.4,High,6,130,70,True,Non-Preferred,Tier 2,False,False,33,32
5252,Deborah,Martinez,General Oncologist,Regional Medical Center,Southeast,Charlotte,7,84.4,Low,3,28,41,True,Preferred,Tier 3,True,False,7,6
5253,Kevin,Clark,Thoracic Oncologist,Academic Medical Center,Southeast,Miami,28,64.0,Medium,1,145,82,False,Non-Preferred,Tier 3,True,True,24,22
5254,Cynthia,Anderson,General Oncologist,Oncology Associates,Southeast,Tampa,24,75.6,Low,5,110,30,True,Covered,Tier 3,True,False,26,20
5255,Rachel,Lopez,Radiation Oncologist,Academic Medical Center,Southeast,Nashville,15,50.9,Medium,8,74,61,True,Non-Preferred,Tier 3,True,True,12,16
5256,Kevin,Anderson,Hematologist-Oncologist,Oncology Associates,Midwest,Chicago North,29,46.5,Medium,1,166,9,True,Step Therapy Required,Tier 3,False,False,27,28
5257,Deborah,Williams,General Oncologist,Community Oncology Clinic,Midwest,Chicago South,35,30.5,High,4,139,41,False,Preferred,Tier 2,True,False,34,40
5258,Megan,Carter,Medical Oncologist,Comprehensive Cancer Center,Midwest,Detroit,61,78.4,Low,4,263,50,True,Non-Preferred,Tier 2,False,False,59,56
5259,Hannah,Jackson,General Oncologist,Memorial Cancer Center,Midwest,Cleveland,30,89.6,Low,5,123,89,True,Step Therapy Required,Tier 3,False,True,32,25
5260,Mark,Robinson,Medical Oncologist,Regional Medical Center,Midwest,Columbus,109,90.3,Low,3,422,59,True,Step Therapy Required,Tier 1,True,False,103,115
5261,Jessica,Garcia,Medical Oncologist,Academic Medical Center,Midwest,Minneapolis,5,39.8,High,3,25,82,False,Preferred,Tier 3,False,False,5,5
5262,Steven,Williams,Hematologist-Oncologist,National Cancer Institute Affiliate,Southwest,Dallas,13,68.6,Low,3,49,73,True,Non-Preferred,Tier 3,True,True,14,10
5263,Deborah,Robinson,Thoracic Oncologist,Regional Medical Center,Southwest,Houston,39,52.0,Medium,5,139,16,True,Non-Preferred,Tier 2,True,False,42,31
5264,Timothy,Smith,General Oncologist,Academic Medical Center,Southwest,Phoenix,29,51.4,Medium,8,159,31,True,Step Therapy Required,Tier 3,False,False,28,30
5265,Sharon,Moore,General Oncologist,Comprehensive Cancer Center,Southwest,San Antonio,14,37.1,High,1,46,27,True,Non-Preferred,Tier 3,True,True,14,11
5266,Larry,Martin,Thoracic Oncologist,University Hospital,Southwest,Austin,10,38.3,High,1,48,7,True,Step Therapy Required,Tier 3,True,True,10,10
5267,Helen,Nguyen,Thoracic Oncologist,Memorial Cancer Center,West,Los Angeles,10,91.2,Low,3,58,12,False,Covered,Tier 3,False,False,10,11
5268,William,Davis,Thoracic Oncologist,National Cancer Institute Affiliate,West,San Diego,10,100.0,Low,2,35,68,False,Non-Preferred,Tier 3,True,False,8,10
5269,Scott,Hill,Thoracic Oncologist,Community Oncology Clinic,West,San Francisco Bay,38,72.1,Low,2,159,78,False,Covered,Tier 2,False,True,39,37
5270,Amanda,Flores,Hematologist-Oncologist,Cancer Care Network,West,Sacramento,11,83.4,Low,8,46,25,True,Preferred,Tier 3,True,False,11,9
5271,Kevin,Clark,Medical Oncologist,National Cancer Institute Affiliate,Mid-Atlantic,Philadelphia,14,70.7,Low,4,74,45,True,Preferred,Tier 3,True,False,13,15
5272,Sharon,Lee,Medical Oncologist,University Hospital,Mid-Atlantic,Baltimore,245,65.9,Low,5,869,88,False,Covered,Tier 1,False,False,250,290
5273,Lauren,Baker,Radiation Oncologist,Academic Medical Center,Mid-Atlantic,Washington DC,69,52.5,Medium,3,219,5,True,Step Therapy Required,Tier 2,True,False,68,79
5274,Kevin,Carter,Medical Oncologist,Comprehensive Cancer Center,Mid-Atlantic,Pittsburgh,23,100.0,Low,6,94,39,False,Preferred,Tier 3,True,False,24,25
5275,Ashley,Moore,Medical Oncologist,National Cancer Institute Affiliate,Pacific Northwest,Seattle,13,100.0,Low,6,35,49,True,Step Therapy Required,Tier 3,True,False,11,14
5276,Mark,Campbell,Medical Oncologist,Cancer Care Network,Pacific Northwest,Portland,46,55.6,Medium,5,228,53,True,Step Therapy Required,Tier 2,True,False,45,54
5277,Amanda,Davis,Thoracic Oncologist,Memorial Cancer Center,Pacific Northwest,Denver,43,89.4,Low,4,186,26,True,Step Therapy Required,Tier 2,True,False,48,37
5278,Eric,King,Thoracic Oncologist,National Cancer Institute Affiliate,Mountain,Salt Lake City,42,33.5,High,6,240,19,True,Non-Preferred,Tier 2,True,False,36,40
5279,Michael,Baker,General Oncologist,University Hospital,Mountain,Las Vegas,12,62.6,Medium,2,30,43,False,Preferred,Tier 3,True,False,12,13
5280,Elizabeth,Green,Hematologist-Oncologist,National Cancer Institute Affiliate,Mountain,Albuquerque,22,81.7,Low,1,99,26,True,Covered,Tier 3,False,False,20,21
5281,John,Moore,Medical Oncologist,Memorial Cancer Center,Northeast,Boston,28,38.6,High,2,96,80,True,Non-Preferred,Tier 3,False,False,26,23
5282,John,Jones,Thoracic Oncologist,Integrated Health System,Northeast,New York North,34,81.4,Low,5,153,44,False,Preferred,Tier 2,True,True,33,36
5283,Jennifer,Lewis,Radiation Oncologist,Regional Medical Center,Northeast,New York South,40,91.8,Low,2,153,77,False,Covered,Tier 2,False,False,43,43
5284,Stephen,Roberts,Radiation Oncologist,Integrated Health System,Northeast,Connecticut,51,78.1,Low,2,301,17,True,Step Therapy Required,Tier 2,True,False,48,53
5285,Daniel,Martinez,General Oncologist,Cancer Care Network,Northeast,New Jersey,23,31.5,High,8,95,47,False,Non-Preferred,Tier 3,False,False,22,18
5286,Jason,Walker,Hematologist-Oncologist,Cancer Care Network,Southeast,Atlanta,36,72.6,Low,8,104,45,True,Preferred,Tier 2,False,False,39,33
5287,Timothy,Walker,Radiation Oncologist,Integrated Health System,Southeast,Charlotte,31,39.9,High,2,163,53,True,Non-Preferred,Tier 2,True,False,29,29
5288,Hannah,Torres,Thoracic Oncologist,Comprehensive Cancer Center,Southeast,Miami,9,91.2,Low,7,47,89,True,Non-Preferred,Tier 3,True,False,10,9
5289,Larry,Walker,Thoracic Oncologist,Comprehensive Cancer Center,Southeast,Tampa,23,83.0,Low,8,66,13,False,Non-Preferred,Tier 3,False,False,20,19
5290,Kathleen,Nelson,Medical Oncologist,University Hospital,Southeast,Nashville,25,68.7,Low,7,91,28,True,Preferred,Tier 3,True,False,22,25
5291,Brian,Gonzalez,Hematologist-Oncologist,National Cancer Institute Affiliate,Midwest,Chicago North,57,56.6,Medium,7,265,39,False,Step Therapy Required,Tier 2,False,True,58,59
5292,Anthony,Brown,Thoracic Oncologist,Comprehensive Cancer Center,Midwest,Chicago South,26,57.8,Medium,7,142,7,True,Covered,Tier 3,True,False,28,23
5293,Angela,Harris,Radiation Oncologist,Community Oncology Clinic,Midwest,Detroit,16,61.2,Medium,7,75,56,True,Non-Preferred,Tier 3,False,True,14,15
5294,Ashley,Jackson,Hematologist-Oncologist,Regional Medical Center,Midwest,Cleveland,29,57.5,Medium,6,157,2,True,Preferred,Tier 3,True,False,32,30
5295,Kathleen,Clark,Radiation Oncologist,Integrated Health System,Midwest,Columbus,75,48.3,Medium,3,209,55,True,Step Therapy Required,Tier 2,False,False,82,71
5296,Larry,Smith,General Oncologist,Academic Medical Center,Midwest,Minneapolis,20,58.3,Medium,4,63,31,False,Step Therapy Required,Tier 3,False,True,22,20
5297,Jason,Rivera,Medical Oncologist,Regional Medical Center,Southwest,Dallas,90,72.3,Low,6,260,68,False,Step Therapy Required,Tier 1,True,False,100,75
5298,Frank,Nelson,Medical Oncologist,Comprehensive Cancer Center,Southwest,Houston,62,35.3,High,8,291,75,False,Preferred,Tier 2,False,False,67,61
5299,Lauren,Clark,Thoracic Oncologist,Cancer Care Network,Southwest,Phoenix,31,87.6,Low,8,139,38,True,Preferred,Tier 2,False,False,33,28
5300,Jose,Brown,Thoracic Oncologist,Integrated Health System,Southwest,San Antonio,26,91.4,Low,8,117,4,False,Step Therapy Required,Tier 3,True,True,26,29
5301,Cynthia,Moore,Thoracic Oncologist,Cancer Care Network,Southwest,Austin,15,99.0,Low,5,50,2,True,Non-Preferred,Tier 3,True,False,14,16
5302,Stephanie,Hall,Hematologist-Oncologist,Comprehensive Cancer Center,West,Los Angeles,194,60.0,Medium,5,1016,5,False,Preferred,Tier 1,True,False,219,167
5303,Kevin,Gomez,Radiation Oncologist,Oncology Associates,West,San Diego,16,100.0,Low,8,82,85,False,Non-Preferred,Tier 3,True,False,17,15
5304,Jessica,Brown,Hematologist-Oncologist,Academic Medical Center,West,San Francisco Bay,101,56.5,Medium,5,519,52,False,Covered,Tier 1,False,False,114,118
5305,Angela,Harris,Radiation Oncologist,Cancer Care Network,West,Sacramento,16,61.8,Medium,4,61,19,False,Preferred,Tier 3,False,False,15,14
5306,Timothy,Green,Thoracic Oncologist,Community Oncology Clinic,Mid-Atlantic,Philadelphia,7,47.8,Medium,1,19,79,False,Covered,Tier 3,False,False,7,6
5307,Amy,Carter,Hematologist-Oncologist,Integrated Health System,Mid-Atlantic,Baltimore,9,51.1,Medium,7,37,25,False,Non-Preferred,Tier 3,False,False,7,7
5308,Robert,King,Medical Oncologist,Academic Medical Center,Mid-Atlantic,Washington DC,23,73.2,Low,2,58,45,True,Covered,Tier 3,False,True,19,24
5309,Frank,Wilson,General Oncologist,University Hospital,Mid-Atlantic,Pittsburgh,99,46.0,Medium,1,572,16,True,Non-Preferred,Tier 1,False,False,106,104
5310,Scott,Lopez,Thoracic Oncologist,Cancer Care Network,Pacific Northwest,Seattle,59,63.3,Medium,3,332,60,True,Step Therapy Required,Tier 2,False,False,62,62
5311,Deborah,Jones,Thoracic Oncologist,Memorial Cancer Center,Pacific Northwest,Portland,23,82.8,Low,6,78,49,False,Covered,Tier 3,True,False,26,20
5312,Christopher,Flores,Radiation Oncologist,Regional Medical Center,Pacific Northwest,Denver,8,76.4,Low,8,21,83,False,Preferred,Tier 3,True,False,8,7
5313,Angela,Taylor,Medical Oncologist,Memorial Cancer Center,Mountain,Salt Lake City,28,78.8,Low,2,159,10,True,Covered,Tier 3,False,True,31,24
5314,Frank,Harris,Thoracic Oncologist,Regional Medical Center,Mountain,Las Vegas,31,100.0,Low,1,178,90,False,Step Therapy Required,Tier 2,True,False,32,34
5315,Eric,Gomez,Medical Oncologist,Comprehensive Cancer Center,Mountain,Albuquerque,13,56.3,Medium,8,52,29,True,Step Therapy Required,Tier 3,False,True,13,15
5316,Elizabeth,Sanchez,Medical Oncologist,University Hospital,Northeast,Boston,14,55.8,Medium,6,51,47,False,Preferred,Tier 3,False,False,14,12
5317,Frank,Gonzalez,Thoracic Oncologist,Community Oncology Clinic,Northeast,New York North,13,94.2,Low,1,76,14,False,Step Therapy Required,Tier 3,True,False,12,11
5318,Eric,Nguyen,Hematologist-Oncologist,Academic Medical Center,Northeast,New York South,88,55.4,Medium,1,279,50,True,Covered,Tier 1,False,False,100,98
5319,Emily,Perez,Medical Oncologist,Community Oncology Clinic,Northeast,Connecticut,11,78.4,Low,1,28,16,True,Step Therapy Required,Tier 3,True,False,11,12
5320,Kimberly,Adams,Medical Oncologist,Academic Medical Center,Northeast,New Jersey,14,81.9,Low,1,71,80,True,Non-Preferred,Tier 3,True,True,12,11
5321,Robert,Walker,General Oncologist,Regional Medical Center,Southeast,Atlanta,29,34.7,High,5,155,76,True,Preferred,Tier 3,True,False,29,30
5322,Hannah,Perez,Radiation Oncologist,National Cancer Institute Affiliate,Southeast,Charlotte,98,100.0,Low,2,520,16,True,Covered,Tier 1,True,True,100,91
5323,Stephen,Clark,Hematologist-Oncologist,National Cancer Institute Affiliate,Southeast,Miami,14,59.5,Medium,2,48,71,True,Step Therapy Required,Tier 3,True,False,12,11
5324,Sarah,Hall,Medical Oncologist,Memorial Cancer Center,Southeast,Tampa,31,75.4,Low,7,161,1,True,Preferred,Tier 2,False,False,32,34
5325,Melissa,Martinez,Thoracic Oncologist,Comprehensive Cancer Center,Southeast,Nashville,44,100.0,Low,8,216,58,False,Non-Preferred,Tier 2,True,False,46,45
5326,Jennifer,Green,Thoracic Oncologist,National Cancer Institute Affiliate,Midwest,Chicago North,20,50.4,Medium,8,92,54,True,Non-Preferred,Tier 3,True,True,22,23
5327,Timothy,Allen,Hematologist-Oncologist,Academic Medical Center,Midwest,Chicago South,7,51.9,Medium,6,38,81,True,Covered,Tier 3,True,True,6,6
5328,John,Nelson,Medical Oncologist,Memorial Cancer Center,Midwest,Detroit,23,100.0,Low,8,97,83,False,Covered,Tier 3,True,False,21,24
5329,Helen,Brown,General Oncologist,Regional Medical Center,Midwest,Cleveland,15,72.9,Low,8,39,21,True,Step Therapy Required,Tier 3,True,True,16,16
5330,Helen,Baker,Thoracic Oncologist,Oncology Associates,Midwest,Columbus,24,94.1,Low,6,95,15,False,Non-Preferred,Tier 3,True,True,25,27
5331,David,Young,General Oncologist,Academic Medical Center,Midwest,Minneapolis,238,56.3,Medium,7,1337,7,False,Non-Preferred,Tier 1,True,False,234,227
5332,Christopher,Green,Thoracic Oncologist,Cancer Care Network,Southwest,Dallas,15,91.0,Low,3,61,26,False,Non-Preferred,Tier 3,True,False,15,13
5333,Amy,Clark,Hematologist-Oncologist,National Cancer Institute Affiliate,Southwest,Houston,45,100.0,Low,2,246,29,False,Non-Preferred,Tier 2,True,False,51,51
5334,Rebecca,Hall,Hematologist-Oncologist,Integrated Health System,Southwest,Phoenix,41,60.1,Medium,2,161,61,False,Covered,Tier 2,True,False,40,47
5335,Laura,Anderson,General Oncologist,Regional Medical Center,Southwest,San Antonio,41,92.4,Low,4,149,74,True,Step Therapy Required,Tier 2,True,True,47,44
5336,Megan,Young,Medical Oncologist,Academic Medical Center,Southwest,Austin,51,79.2,Low,1,203,64,True,Preferred,Tier 2,True,False,54,60
5337,Stephanie,Adams,Medical Oncologist,Memorial Cancer Center,West,Los Angeles,64,93.7,Low,3,240,62,False,Non-Preferred,Tier 2,False,False,68,51
5338,William,Campbell,Radiation Oncologist,Regional Medical Center,West,San Diego,85,82.3,Low,8,350,48,False,Preferred,Tier 1,True,False,95,79
5339,Stephen,Moore,General Oncologist,Comprehensive Cancer Center,West,San Francisco Bay,21,71.2,Low,1,74,74,True,Preferred,Tier 3,False,False,23,21
5340,Jessica,Harris,Thoracic Oncologist,Academic Medical Center,West,Sacramento,72,50.0,Medium,6,403,80,True,Covered,Tier 2,False,True,75,77
5341,Lauren,Thomas,General Oncologist,University Hospital,Mid-Atlantic,Philadelphia,34,59.3,Medium,4,101,84,False,Non-Preferred,Tier 2,True,False,32,30
5342,David,White,Thoracic Oncologist,Academic Medical Center,Mid-Atlantic,Baltimore,25,96.1,Low,7,86,63,True,Step Therapy Required,Tier 3,False,False,25,27
5343,Amy,Garcia,Medical Oncologist,Community Oncology Clinic,Mid-Atlantic,Washington DC,29,69.0,Low,2,91,23,False,Preferred,Tier 3,True,True,27,31
5344,Melissa,King,Medical Oncologist,Cancer Care Network,Mid-Atlantic,Pittsburgh,7,84.4,Low,8,21,54,True,Step Therapy Required,Tier 3,False,False,6,7
5345,Sarah,Anderson,General Oncologist,National Cancer Institute Affiliate,Pacific Northwest,Seattle,43,100.0,Low,5,135,53,False,Covered,Tier 2,False,False,45,43
5346,Jose,Rodriguez,Thoracic Oncologist,Regional Medical Center,Pacific Northwest,Portland,18,72.8,Low,8,73,34,True,Step Therapy Required,Tier 3,False,False,19,14
5347,John,Flores,Hematologist-Oncologist,Comprehensive Cancer Center,Pacific Northwest,Denver,30,100.0,Low,6,104,37,True,Non-Preferred,Tier 3,True,True,27,24
5348,Brian,Taylor,Thoracic Oncologist,Regional Medical Center,Mountain,Salt Lake City,22,74.1,Low,6,99,27,True,Covered,Tier 3,False,True,21,22
5349,Jessica,Johnson,Radiation Oncologist,Academic Medical Center,Mountain,Las Vegas,42,72.1,Low,3,183,19,False,Covered,Tier 2,True,True,47,42
5350,Anthony,Young,Thoracic Oncologist,Integrated Health System,Mountain,Albuquerque,16,72.3,Low,6,76,86,True,Step Therapy Required,Tier 3,False,False,14,15
5351,Sharon,Davis,Thoracic Oncologist,Memorial Cancer Center,Northeast,Boston,64,45.4,Medium,1,191,52,True,Step Therapy Required,Tier 2,False,True,60,66
5352,Daniel,Gomez,Thoracic Oncologist,Oncology Associates,Northeast,New York North,27,52.6,Medium,4,122,3,True,Step Therapy Required,Tier 3,True,False,26,26
5353,Rachel,Sanchez,Hematologist-Oncologist,Community Oncology Clinic,Northeast,New York South,71,34.5,High,1,403,48,False,Covered,Tier 2,True,False,67,65
5354,Jennifer,Wilson,Radiation Oncologist,Community Oncology Clinic,Northeast,Connecticut,14,76.3,Low,8,77,57,False,Non-Preferred,Tier 3,False,False,15,11
5355,Elizabeth,Young,General Oncologist,National Cancer Institute Affiliate,Northeast,New Jersey,100,66.6,Low,2,300,9,False,Preferred,Tier 1,True,False,104,90
5356,Angela,Torres,Hematologist-Oncologist,Oncology Associates,Southeast,Atlanta,14,100.0,Low,3,62,24,False,Covered,Tier 3,False,True,15,12
5357,Helen,Walker,Hematologist-Oncologist,Memorial Cancer Center,Southeast,Charlotte,6,19.6,High,5,25,1,True,Covered,Tier 3,False,False,6,5
5358,Kimberly,Rivera,Hematologist-Oncologist,Memorial Cancer Center,Southeast,Miami,36,57.0,Medium,5,142,16,False,Step Therapy Required,Tier 2,True,False,38,37
5359,Jeffrey,Baker,Radiation Oncologist,University Hospital,Southeast,Tampa,9,83.6,Low,7,49,48,True,Covered,Tier 3,True,False,7,8
5360,Emily,Moore,Thoracic Oncologist,Community Oncology Clinic,Southeast,Nashville,30,55.6,Medium,3,112,82,False,Preferred,Tier 3,False,False,30,35
5361,Amanda,Roberts,Medical Oncologist,Integrated Health System,Midwest,Chicago North,7,87.2,Low,4,36,22,False,Covered,Tier 3,False,False,7,7
5362,Paul,Martinez,Medical Oncologist,Regional Medical Center,Midwest,Chicago South,44,65.8,Low,2,192,67,False,Covered,Tier 2,False,False,41,51
5363,Gary,Anderson,Hematologist-Oncologist,Comprehensive Cancer Center,Midwest,Detroit,129,44.5,High,2,420,79,True,Step Therapy Required,Tier 1,False,True,114,109
5364,Elizabeth,Rivera,Thoracic Oncologist,Regional Medical Center,Midwest,Cleveland,6,52.8,Medium,1,25,57,False,Non-Preferred,Tier 3,False,True,6,5
5365,Ashley,Rivera,Hematologist-Oncologist,Cancer Care Network,Midwest,Columbus,23,73.4,Low,3,126,17,True,Non-Preferred,Tier 3,True,False,24,25
5366,Jason,Roberts,Radiation Oncologist,Memorial Cancer Center,Midwest,Minneapolis,19,75.7,Low,2,48,26,True,Preferred,Tier 3,True,False,16,17
5367,James,Roberts,Medical Oncologist,University Hospital,Southwest,Dallas,7,99.8,Low,2,24,78,True,Non-Preferred,Tier 3,True,False,6,5
5368,Paul,Thompson,Hematologist-Oncologist,Comprehensive Cancer Center,Southwest,Houston,22,92.6,Low,5,128,79,True,Preferred,Tier 3,True,False,23,22
5369,John,Roberts,General Oncologist,Memorial Cancer Center,Southwest,Phoenix,33,78.0,Low,4,193,13,True,Step Therapy Required,Tier 2,False,False,33,32
5370,Paul,Harris,Radiation Oncologist,Oncology Associates,Southwest,San Antonio,40,77.8,Low,2,125,66,True,Step Therapy Required,Tier 2,True,False,35,33
5371,Rachel,Campbell,Thoracic Oncologist,Comprehensive Cancer Center,Southwest,Austin,43,97.2,Low,3,182,6,True,Covered,Tier 2,False,True,41,42
5372,Brian,Anderson,General Oncologist,Community Oncology Clinic,West,Los Angeles,29,83.6,Low,5,142,38,False,Non-Preferred,Tier 3,True,False,32,27
5373,Kimberly,Baker,Medical Oncologist,Community Oncology Clinic,West,San Diego,22,99.7,Low,1,131,57,True,Preferred,Tier 3,True,False,21,22
5374,John,Jones,Thoracic Oncologist,Oncology Associates,West,San Francisco Bay,13,100.0,Low,2,66,44,True,Step Therapy Required,Tier 3,True,True,14,14
5375,Deborah,Nguyen,General Oncologist,Cancer Care Network,West,Sacramento,23,36.5,High,5,119,83,False,Covered,Tier 3,False,False,23,22
5376,Ashley,Gomez,Radiation Oncologist,University Hospital,Mid-Atlantic,Philadelphia,27,53.0,Medium,8,115,16,False,Step Therapy Required,Tier 3,False,True,28,23
5377,David,Hall,Medical Oncologist,Regional Medical Center,Mid-Atlantic,Baltimore,52,53.6,Medium,2,264,49,False,Non-Preferred,Tier 2,False,False,53,57
5378,Christopher,Jackson,Radiation Oncologist,Academic Medical Center,Mid-Atlantic,Washington DC,16,26.4,High,8,84,65,False,Covered,Tier 3,True,True,18,18
5379,Mark,Harris,Radiation Oncologist,Academic Medical Center,Mid-Atlantic,Pittsburgh,16,14.7,High,2,61,5,True,Non-Preferred,Tier 3,False,False,14,15
5380,Kimberly,Roberts,Medical Oncologist,Integrated Health System,Pacific Northwest,Seattle,5,84.7,Low,5,25,87,False,Step Therapy Required,Tier 3,False,False,5,5
5381,Laura,Harris,General Oncologist,National Cancer Institute Affiliate,Pacific Northwest,Portland,49,77.4,Low,7,167,37,False,Preferred,Tier 2,True,False,42,55
5382,Laura,Johnson,Thoracic Oncologist,Community Oncology Clinic,Pacific Northwest,Denver,10,67.0,Low,6,53,13,False,Covered,Tier 3,False,False,9,10
5383,Elizabeth,Nguyen,Medical Oncologist,University Hospital,Mountain,Salt Lake City,24,42.5,High,4,79,40,True,Covered,Tier 3,True,True,24,19
5384,Kevin,Moore,Medical Oncologist,Academic Medical Center,Mountain,Las Vegas,94,87.3,Low,7,421,76,True,Covered,Tier 1,False,False,90,96
5385,Amy,Wilson,Thoracic Oncologist,Academic Medical Center,Mountain,Albuquerque,20,68.6,Low,8,57,65,False,Non-Preferred,Tier 3,False,False,22,17
5386,Timothy,Wilson,Thoracic Oncologist,Cancer Care Network,Northeast,Boston,29,23.1,High,2,157,7,False,Step Therapy Required,Tier 3,True,False,31,24
5387,Nicole,Jones,General Oncologist,Comprehensive Cancer Center,Northeast,New York North,19,53.0,Medium,2,86,61,False,Non-Preferred,Tier 3,False,True,19,17
5388,Timothy,Lee,Hematologist-Oncologist,Community Oncology Clinic,Northeast,New York South,9,61.8,Medium,5,36,52,False,Step Therapy Required,Tier 3,True,True,9,9
5389,Melissa,Nelson,Radiation Oncologist,Cancer Care Network,Northeast,Connecticut,123,82.1,Low,3,555,82,False,Preferred,Tier 1,True,False,121,110
5390,Kevin,Lee,Medical Oncologist,Oncology Associates,Northeast,New Jersey,14,80.6,Low,5,76,53,False,Covered,Tier 3,True,False,14,12
5391,Christopher,Johnson,Hematologist-Oncologist,Cancer Care Network,Southeast,Atlanta,86,88.3,Low,4,249,60,False,Step Therapy Required,Tier 1,False,False,96,75
5392,Matthew,Moore,General Oncologist,Regional Medical Center,Southeast,Charlotte,25,53.8,Medium,5,74,83,True,Step Therapy Required,Tier 3,True,True,27,20
5393,Kevin,White,Medical Oncologist,Community Oncology Clinic,Southeast,Miami,45,76.7,Low,5,249,18,True,Preferred,Tier 2,True,False,47,46
5394,Jennifer,Thomas,General Oncologist,University Hospital,Southeast,Tampa,54,82.0,Low,5,228,41,False,Step Therapy Required,Tier 2,True,False,49,45
5395,Brian,Clark,Thoracic Oncologist,Integrated Health System,Southeast,Nashville,63,56.2,Medium,4,371,8,False,Covered,Tier 2,True,False,63,62
5396,Ashley,White,Radiation Oncologist,National Cancer Institute Affiliate,Midwest,Chicago North,80,72.3,Low,4,469,40,True,Preferred,Tier 2,True,False,90,85
5397,Elizabeth,Green,Thoracic Oncologist,University Hospital,Midwest,Chicago South,158,52.8,Medium,5,700,69,True,Step Therapy Required,Tier 1,False,True,177,151
5398,Stephen,Thomas,Thoracic Oncologist,Oncology Associates,Midwest,Detroit,117,72.4,Low,5,415,21,False,Covered,Tier 1,False,True,109,97
5399,Kevin,Perez,Radiation Oncologist,University Hospital,Midwest,Cleveland,13,57.4,Medium,8,53,21,False,Preferred,Tier 3,False,False,13,14
5400,Sarah,Roberts,Medical Oncologist,Regional Medical Center,Midwest,Columbus,18,77.3,Low,6,73,81,False,Non-Preferred,Tier 3,True,False,16,16
